model,target_domain,direct_transfer_f1,fine_tuned_f1,improvement,accuracy,roc_auc
cnn,FD001,0.0988348734431498,0.5505226480836237,0.45168777464047394,0.9873479795998431,0.9746888365339526
cnn,FD003,0.0177545691906005,0.4975124378109453,0.4797578686203448,0.9926255841121495,0.9602482566719887
cnn,FD004,0.3657056145675265,0.3926605504587156,0.026954935891189136,0.9902878436665591,0.928579870983177
lstm,FD001,0.0938573063716139,0.04508856682769726,-0.04876873954391663,0.9418399372302864,0.8962928346646715
lstm,FD003,0.0141028989292243,0.09651474530831099,0.08241184637908669,0.9753942757009346,0.8902476286632836
lstm,FD004,0.4827586206896552,0.5,0.017241379310344807,0.9883806226343124,0.9305254672659592
