model,target_domain,label_fraction,accuracy,f1_score,roc_auc
cnn,FD001,0.01,0.9234994115339349,0.2337917485265226,0.9808915243922618
cnn,FD001,0.05,0.931247548058062,0.24866023579849947,0.9803648810835374
cnn,FD001,0.1,0.9812671635935661,0.4194528875379939,0.9718138886938358
cnn,FD001,0.2,0.9873479795998431,0.5505226480836237,0.9746888365339526
cnn,FD001,0.5,0.9919576304433111,0.6434782608695652,0.9843693880202974
